crop_name,season,soil_type,suitable_regions,planting_time,yield_per_acre_tons
Wheat,Monsoon,Sandy,Khulna,November-December,1.33
Jute,Winter,Silt,Sylhet,March-April,0.83
Spices,Summer,Sandy,Khulna,August-September,21.9
Maize,Autumn,Sandy,Chattogram,October-November,4.13
Spices,Summer,Clay,Barishal,April-May,21.0
Maize,Autumn,Clay,Khulna,October-November,4.13
Maize,Summer,Silt,Barishal,February-March,4.13
Vegetables,Summer,Sandy,Rajshahi,February-March,25.3
Tea,Autumn,Sandy,Sylhet,February-April,1.2
Spices,Monsoon,Sandy,Chattogram,June-July,22.5
Spices,Autumn,Sandy,Mymensingh,September-October,31.4
Jute,Winter,Silt,Mymensingh,March-April,0.83
Jute,Autumn,Peaty,Dhaka,March-April,0.83
Maize,Winter,Loamy,Khulna,November-December,4.13
Wheat,Monsoon,Loamy,Rangpur,November-December,1.33
Vegetables,Summer,Loamy,Rangpur,February-March,26.4
Vegetables,Monsoon,Silt,Rangpur,June-July,25.1
Wheat,Summer,Loamy,Khulna,November-December,1.33
Vegetables,Autumn,Clay,Chattogram,October-November,30.5
Wheat,Winter,Loamy,Rajshahi,November-December,1.33
Wheat,Monsoon,Loamy,Chattogram,November-December,1.33
Rice,Summer,Clay,Dhaka,December-January,2.5
Vegetables,Monsoon,Sandy,Sylhet,June-July,20.4
Spices,Autumn,Clay,Mymensingh,September-October,28.8
Spices,Winter,Silt,Khulna,October-November,28.9
Rice,Autumn,Sandy,Rajshahi,March-April,2.8
Vegetables,Summer,Peaty,Dhaka,February-March,32.5
Tea,Autumn,Peaty,Dhaka,February-April,1.2
Rice,Autumn,Clay,Mymensingh,March-April,2.8
Vegetables,Autumn,Sandy,Dhaka,October-November,26.3
Spices,Winter,Loamy,Dhaka,October-November,30.4
Wheat,Summer,Clay,Chattogram,October-November,1.33
Jute,Autumn,Loamy,Chattogram,March-April,0.83
Spices,Winter,Clay,Rangpur,October-November,27.2
Tea,Autumn,Sandy,Chattogram,February-April,1.2
Spices,Autumn,Loamy,Sylhet,September-October,25.8
Vegetables,Winter,Sandy,Khulna,October-November,22.5
Spices,Winter,Loamy,Chattogram,October-November,34.0
Rice,Summer,Loamy,Mymensingh,December-January,2.5
Vegetables,Summer,Silt,Chattogram,February-March,23.3
Maize,Summer,Sandy,Chattogram,February-March,4.13
Maize,Winter,Peaty,Mymensingh,November-December,4.13
Maize,Winter,Loamy,Chattogram,November-December,4.13
Spices,Summer,Loamy,Barishal,April-May,20.3
Jute,Winter,Clay,Chattogram,March-April,0.83
Jute,Summer,Clay,Rangpur,February-March,25.6
Rice,Summer,Sandy,Rajshahi,December-January,2.5
Wheat,Winter,Sandy,Sylhet,November-December,1.33
Maize,Summer,Silt,Khulna,July-August,28.2
Rice,Winter,Sandy,Rajshahi,November-December,28.0
Vegetables,Winter,Sandy,Dhaka,August-September,32.6
Wheat,Autumn,Silt,Dhaka,September-October,30.9
Vegetables,Summer,Peaty,Dhaka,January-February,32.0
Vegetables,Summer,Peaty,Rajshahi,April-May,24.4
Rice,Monsoon,Sandy,Barishal,April-May,31.8
Maize,Monsoon,Loamy,Sylhet,June-July,29.8
Jute,Monsoon,Peaty,Rangpur,August-September,22.0
Wheat,Monsoon,Peaty,Dhaka,September-October,28.6
Jute,Monsoon,Clay,Rangpur,February-March,26.7
Rice,Summer,Sandy,Sylhet,June-July,32.9
Spices,Summer,Clay,Rangpur,January-February,30.7
Rice,Monsoon,Loamy,Sylhet,May-June,33.7
Maize,Summer,Sandy,Mymensingh,July-August,27.0
Spices,Summer,Silt,Sylhet,September-October,27.5
Maize,Winter,Sandy,Mymensingh,January-February,23.1
Vegetables,Summer,Sandy,Chattogram,November-December,30.9
Spices,Autumn,Clay,Chattogram,July-August,32.3
Tea,Winter,Sandy,Rajshahi,March-April,0.025
Jute,Monsoon,Loamy,Barishal,March-April,28.6
Maize,Monsoon,Clay,Mymensingh,April-May,23.0
Jute,Summer,Loamy,Rajshahi,February–March,26.5
Wheat,Winter,Peaty,Barishal,March-April,21.9
Jute,Monsoon,Loamy,Sylhet,November-December,23.4
Maize,Autumn,Loamy,Mymensingh,April-May,31.0
Vegetables,Monsoon,Loamy,Rangpur,May-June,20.9
Spices,Summer,Clay,Khulna,August-September,21.6
Tea,Winter,Loamy,Dhaka,October-November,0.0273
Vegetables,Winter,Silt,Rajshahi,May-June,23.5
Tea,Monsoon,Clay,Barishal,February-March,0.031
Tea,Summer,Sandy,Rangpur,July-August,0.0248
Vegetables,Winter,Sandy,Rajshahi,August-September,22.9
Spices,Winter,Peaty,Chattogram,February-March,25.9
Spices,Autumn,Silt,Sylhet,June-July,24.6
Wheat,Autumn,Sandy,Sylhet,August-September,27.3
Wheat,Summer,Sandy,Rajshahi,January-February,25.0
Jute,Autumn,Peaty,Sylhet,September-October,34.5
Wheat,Winter,Silt,Chattogram,December-January,28.3
Spices,Monsoon,Clay,Dhaka,October-November,22.8
Rice,Autumn,Peaty,Sylhet,April-May,20.9
Vegetables,Summer,Peaty,Barishal,April-May,28.6
Maize,Monsoon,Loamy,Rangpur,December-January,34.8
Spices,Monsoon,Sandy,Sylhet,November-December,27.1
Tea,Monsoon,Clay,Chattogram,January-February,0.0216
Rice,Summer,Peaty,Rangpur,February-March,23.1
Vegetables,Monsoon,Sandy,Mymensingh,September-October,25.9
Spices,Monsoon,Loamy,Rangpur,November-December,31.8
Maize,Winter,Sandy,Rangpur,July-August,25.1
Wheat,Winter,Clay,Barishal,September-October,32.6
Maize,Autumn,Sandy,Rajshahi,February-March,28.4
Wheat,Summer,Clay,Khulna,October-November,28.4
Spices,Autumn,Clay,Dhaka,February-March,32.1
Maize,Winter,Clay,Chattogram,February-March,34.0
Rice,Autumn,Silt,Chattogram,August-September,26.2
Tea,Summer,Clay,Barishal,July-August,0.0319
Wheat,Summer,Loamy,Rangpur,June-July,25.8
Maize,Monsoon,Loamy,Khulna,July-August,27.3
Tea,Autumn,Sandy,Sylhet,October-November,0.0298
Vegetables,Autumn,Loamy,Sylhet,October-November,31.6
Spices,Summer,Peaty,Mymensingh,January-February,21.7
Maize,Winter,Clay,Dhaka,June-July,33.7
Rice,Autumn,Loamy,Chattogram,October-November,28.9
Maize,Monsoon,Sandy,Khulna,July-August,22.1
Rice,Summer,Peaty,Sylhet,June-July,0.86
Tea,Summer,Peaty,Rangpur,March-April,0.71
Vegetables,Winter,Peaty,Dhaka,October-November,4.12
Wheat,Summer,Silt,Chattogram,November-December,1.2
Jute,Summer,Peaty,Rajshahi,March-April,1.5
Wheat,Monsoon,Clay,Khulna,November-December,1.2
Spices,Summer,Loamy,Rajshahi,April-May,0.8
Spices,Autumn,Loamy,Rangpur,September-October,0.8
Tea,Monsoon,Peaty,Barishal,March-April,0.71
Tea,Summer,Loamy,Rajshahi,March-April,0.71
Vegetables,Autumn,Loamy,Mymensingh,August-September,4.12
Wheat,Autumn,Loamy,Sylhet,November-December,1.2
Spices,Summer,Sandy,Sylhet,April-May,0.8
Wheat,Monsoon,Silt,Rangpur,November-December,1.2
Wheat,Monsoon,Loamy,Rangpur,November-December,1.2
Maize,Monsoon,Silt,Sylhet,May-June,1.5
Vegetables,Summer,Peaty,Khulna,March-April,4.12
Vegetables,Summer,Peaty,Rajshahi,March-April,4.12
Wheat,Summer,Silt,Chattogram,November-December,1.2
Spices,Monsoon,Sandy,Barishal,April-May,0.8
Spices,Winter,Loamy,Khulna,October-November,0.8
Wheat,Autumn,Clay,Barishal,November-December,1.2
Tea,Monsoon,Silt,Rajshahi,March-April,0.71
Wheat,Summer,Loamy,Mymensingh,November-December,1.2
Tea,Autumn,Sandy,Barishal,August-September,0.71
Spices,Winter,Sandy,Rajshahi,October-November,0.8
Maize,Autumn,Clay,Khulna,August-September,1.5
Spices,Autumn,Peaty,Rajshahi,September-October,0.8
Tea,Summer,Sandy,Barishal,March-April,0.71
Wheat,Summer,Silt,Sylhet,November-December,1.2
Spices,Autumn,Silt,Rangpur,September-October,0.8
Vegetables,Summer,Loamy,Dhaka,March-April,4.12
Wheat,Winter,Sandy,Barishal,November-December,1.2
Tea,Summer,Clay,Rajshahi,March-April,0.71
Rice,Autumn,Sandy,Sylhet,October-November,0.86
Tea,Monsoon,Silt,Rangpur,March-April,0.71
Vegetables,Summer,Clay,Rangpur,March-April,4.12
Wheat,Monsoon,Silt,Chattogram,November-December,1.2
Tea,Monsoon,Loamy,Rajshahi,March-April,0.71
Jute,Autumn,Loamy,Khulna,July-August,1.5
Rice,Winter,Peaty,Rajshahi,November-December,0.86
Wheat,Monsoon,Silt,Sylhet,November-December,1.2
Vegetables,Monsoon,Silt,Rangpur,May-June,4.12
Tea,Winter,Clay,Sylhet,November-December,0.71
Tea,Summer,Clay,Rangpur,March-April,0.71
Spices,Autumn,Peaty,Rajshahi,September-October,0.8
Jute,Summer,Peaty,Mymensingh,March-April,1.5
Spices,Summer,Silt,Chattogram,April-May,0.8
Vegetables,Summer,Loamy,Dhaka,March-April,4.12
Spices,Monsoon,Peaty,Rajshahi,April-May,0.8
Tea,Summer,Loamy,Rajshahi,March-April,0.71
Tea,Summer,Clay,Rangpur,March-April,0.71
Tea,Summer,Sandy,Rajshahi,March-April,0.71
Jute,Monsoon,Silt,Chattogram,March-April,1.5
Rice,Monsoon,Sandy,Mymensingh,June-July,0.86
Spices,Summer,Clay,Chattogram,April-May,0.8
Rice,Autumn,Clay,Chattogram,October-November,0.86
Maize,Autumn,Clay,Rajshahi,August-September,1.5
Vegetables,Winter,Silt,Khulna,October-November,4.12
Tea,Summer,Clay,Barishal,March-April,0.71
Rice,Monsoon,Loamy,Barishal,June-July,0.86
Tea,Autumn,Peaty,Barishal,August-September,0.71
Jute,Summer,Silt,Barishal,March-April,1.5
Maize,Winter,Clay,Sylhet,November-December,1.5
Vegetables,Monsoon,Loamy,Rajshahi,May-June,4.12
Tea,Summer,Silt,Khulna,March-April,0.71
Vegetables,Summer,Silt,Chattogram,March-April,4.12
Vegetables,Monsoon,Clay,Mymensingh,May-June,4.12
Tea,Monsoon,Clay,Sylhet,March-April,0.71
Maize,Monsoon,Clay,Barishal,May-June,1.5
Maize,Autumn,Peaty,Barishal,August-September,1.5
Wheat,Winter,Silt,Sylhet,November-December,1.2
Wheat,Monsoon,Clay,Barishal,November-December,1.2
Wheat,Winter,Peaty,Mymensingh,November-December,1.2
Maize,Winter,Silt,Khulna,November-December,1.5
Wheat,Monsoon,Sandy,Rangpur,November-December,1.2
Wheat,Autumn,Loamy,Khulna,November-December,1.2
Spices,Summer,Silt,Chattogram,April-May,0.8
Vegetables,Summer,Loamy,Rangpur,March-April,4.12
Jute,Winter,Clay,Rangpur,November-December,1.5
Jute,Winter,Silt,Rajshahi,November-December,1.5
Vegetables,Monsoon,Clay,Chattogram,May-June,4.12
Tea,Autumn,Loamy,Rajshahi,August-September,0.71
Tea,Monsoon,Silt,Khulna,March-April,0.71
Jute,Summer,Peaty,Dhaka,March-April,1.5
Vegetables,Winter,Silt,Rajshahi,October-November,4.12
Tea,Monsoon,Peaty,Rajshahi,March-April,0.71
Spices,Autumn,Clay,Khulna,September-October,0.8
Spices,Summer,Peaty,Rajshahi,April-May,0.8
Tea,Winter,Loamy,Chattogram,November-December,0.71
Jute,Monsoon,Loamy,Sylhet,March-April,1.5
Vegetables,Summer,Sandy,Sylhet,March-April,4.12
Tea,Autumn,Peaty,Rangpur,August-September,0.71
Maize,Autumn,Clay,Barishal,August-September,1.5
Tea,Monsoon,Silt,Sylhet,March-April,0.71
Tea,Autumn,Silt,Mymensingh,August-September,0.71
Vegetables,Monsoon,Clay,Barishal,May-June,4.12
Maize,Autumn,Peaty,Barishal,August-September,1.5
Maize,Monsoon,Sandy,Barishal,May-June,1.5
Vegetables,Monsoon,Silt,Barishal,May-June,4.12
Tea,Monsoon,Clay,Rangpur,March-April,0.71
Tea,Summer,Silt,Barishal,March-April,0.71
Jute,Winter,Clay,Mymensingh,November-December,1.5
Spices,Autumn,Sandy,Mymensingh,September-October,0.8
Spices,Autumn,Peaty,Rangpur,September-October,0.8
Wheat,Autumn,Silt,Rajshahi,November-December,1.2
Rice,Monsoon,Clay,Rangpur,June-July,0.86
Spices,Monsoon,Silt,Sylhet,April-May,0.8
Maize,Monsoon,Loamy,Sylhet,May-June,1.5
Spices,Winter,Clay,Chattogram,October-November,0.8
Vegetables,Summer,Peaty,Khulna,March-April,4.12
Maize,Monsoon,Sandy,Rangpur,May-June,1.5
Vegetables,Autumn,Clay,Chattogram,August-September,4.12
Tea,Autumn,Peaty,Rajshahi,August-September,0.71
Maize,Monsoon,Silt,Rajshahi,May-June,1.5
Jute,Autumn,Silt,Khulna,July-August,1.5
Wheat,Winter,Loamy,Rangpur,November-December,1.2
Rice,Autumn,Loamy,Khulna,October-November,0.86
Rice,Autumn,Loamy,Barishal,October-November,0.86
Rice,Summer,Sandy,Barishal,June-July,0.86
Vegetables,Summer,Silt,Rajshahi,March-April,4.12
Rice,Autumn,Silt,Dhaka,October-November,0.86
Spices,Monsoon,Peaty,Chattogram,April-May,0.8
Spices,Autumn,Loamy,Dhaka,September-October,0.8
Rice,Summer,Peaty,Chattogram,June-July,0.86
Jute,Monsoon,Loamy,Sylhet,March-April,1.5
Vegetables,Monsoon,Peaty,Chattogram,May-June,4.12
Vegetables,Winter,Loamy,Barishal,October-November,4.12
Spices,Monsoon,Peaty,Khulna,April-May,0.8
Vegetables,Monsoon,Silt,Mymensingh,May-June,4.12
Tea,Autumn,Loamy,Khulna,August-September,0.71
Vegetables,Summer,Clay,Rajshahi,March-April,4.12
Maize,Monsoon,Sandy,Rangpur,May-June,1.5
Rice,Winter,Clay,Barishal,November-December,0.86
Jute,Summer,Silt,Khulna,March-April,1.5
Jute,Summer,Clay,Mymensingh,March-April,1.5
Jute,Summer,Peaty,Khulna,March-April,1.5
Tea,Summer,Silt,Chattogram,March-April,0.71
Vegetables,Summer,Clay,Sylhet,March-April,4.12
Maize,Monsoon,Peaty,Khulna,May-June,1.5
Spices,Winter,Loamy,Barishal,October-November,0.8
Vegetables,Winter,Silt,Rajshahi,October-November,4.12
Vegetables,Autumn,Loamy,Rajshahi,August-September,4.12
Tea,Winter,Clay,Chattogram,November-December,0.71
Tea,Autumn,Loamy,Rajshahi,August-September,0.71
Tea,Monsoon,Silt,Khulna,March-April,0.71
Jute,Autumn,Peaty,Dhaka,July-August,1.5
Wheat,Monsoon,Silt,Rajshahi,November-December,1.2
Tea,Monsoon,Peaty,Rajshahi,March-April,0.71
Spices,Monsoon,Clay,Rajshahi,April-May,0.8
Maize,Autumn,Peaty,Rajshahi,August-September,1.5
Maize,Monsoon,Silt,Chattogram,May-June,1.5
Vegetables,Autumn,Clay,Chattogram,August-September,4.12
crop_name,season,soil_type,suitable_regions,planting_time,yield_per_acre_tons
Spices,Summer,Silt,Barishal,April-May,0.8
Jute,Winter,Peaty,Sylhet,November-December,1.5
Vegetables,Autumn,Loamy,Chattogram,August-September,4.12
Wheat,Autumn,Peaty,Dhaka,November-December,1.2
Wheat,Winter,Clay,Sylhet,November-December,1.2
Rice,Monsoon,Silt,Mymensingh,June-July,0.86
Vegetables,Monsoon,Clay,Rangpur,May-June,4.12
Maize,Winter,Peaty,Sylhet,November-December,1.5
Tea,Summer,Sandy,Rangpur,March-April,0.71
Spices,Summer,Sandy,Dhaka,April-May,0.8
Tea,Autumn,Clay,Chattogram,August-September,0.71
Rice,Autumn,Sandy,Rangpur,October-November,0.86
Vegetables,Summer,Sandy,Sylhet,March-April,4.12
Maize,Autumn,Loamy,Rajshahi,August-September,1.5
Wheat,Autumn,Peaty,Rajshahi,November-December,1.2
Rice,Summer,Peaty,Dhaka,June-July,0.86
Jute,Summer,Peaty,Rajshahi,March-April,1.5
Rice,Autumn,Loamy,Khulna,October-November,0.86
Tea,Monsoon,Peaty,Sylhet,March-April,0.71
Vegetables,Monsoon,Sandy,Dhaka,May-June,4.12
Wheat,Winter,Sandy,Dhaka,November-December,1.2
Rice,Winter,Peaty,Sylhet,November-December,0.86
Spices,Summer,Peaty,Rangpur,April-May,0.8
Spices,Winter,Peaty,Khulna,October-November,0.8
Jute,Winter,Sandy,Rangpur,November-December,1.5
Vegetables,Monsoon,Loamy,Dhaka,May-June,4.12
Jute,Winter,Clay,Chattogram,November-December,1.5
Jute,Summer,Silt,Dhaka,March-April,1.5
Wheat,Winter,Silt,Barishal,November-December,1.2
Wheat,Summer,Loamy,Mymensingh,November-December,1.2
Rice,Monsoon,Sandy,Sylhet,June-July,0.86
Tea,Winter,Sandy,Barishal,November-December,0.71
Wheat,Monsoon,Peaty,Mymensingh,November-December,1.2
Tea,Summer,Clay,Barishal,March-April,0.71
Maize,Autumn,Clay,Chattogram,August-September,1.5
Wheat,Autumn,Loamy,Rangpur,November-December,1.2
Jute,Summer,Sandy,Mymensingh,March-April,1.5
Maize,Winter,Peaty,Khulna,November-December,1.5
Wheat,Winter,Peaty,Rajshahi,November-December,1.2
Tea,Autumn,Loamy,Rajshahi,August-September,0.71
Wheat,Monsoon,Silt,Mymensingh,November-December,1.2
Spices,Winter,Sandy,Rangpur,October-November,0.8
Wheat,Monsoon,Clay,Sylhet,November-December,1.2
Wheat,Summer,Loamy,Rajshahi,November-December,1.2
Vegetables,Monsoon,Sandy,Sylhet,May-June,4.12
Spices,Summer,Peaty,Rajshahi,April-May,0.8
Rice,Winter,Sandy,Rangpur,November-December,0.86
Vegetables,Monsoon,Silt,Rangpur,May-June,4.12
Maize,Monsoon,Peaty,Chattogram,May-June,1.5
Rice,Autumn,Loamy,Sylhet,October-November,0.86
Tea,Monsoon,Peaty,Mymensingh,March-April,0.71
Tea,Summer,Clay,Dhaka,March-April,0.71
Vegetables,Winter,Sandy,Chattogram,October-November,4.12
Maize,Summer,Clay,Rangpur,March-April,1.5
Maize,Winter,Silt,Sylhet,November-December,1.5
Wheat,Winter,Silt,Mymensingh,November-December,1.2
Rice,Autumn,Loamy,Rangpur,October-November,0.86
Wheat,Winter,Clay,Rangpur,November-December,1.2
Wheat,Monsoon,Clay,Sylhet,November-December,1.2
Wheat,Summer,Loamy,Rajshahi,November-December,1.2
Vegetables,Monsoon,Sandy,Sylhet,May-June,4.12
Spices,Summer,Peaty,Rajshahi,April-May,0.8
Rice,Winter,Clay,Mymensingh,November-December,0.86
Spices,Winter,Clay,Dhaka,October-November,0.8
Wheat,Winter,Peaty,Khulna,November-December,1.2
Maize,Autumn,Sandy,Barishal,August-September,1.5
Rice,Monsoon,Silt,Sylhet,June-July,0.86
Tea,Winter,Peaty,Rajshahi,November-December,0.71
Rice,Summer,Loamy,Rajshahi,June-July,0.86
Vegetables,Summer,Clay,Khulna,March-April,4.12
Wheat,Summer,Loamy,Chattogram,November-December,1.2
Tea,Autumn,Peaty,Mymensingh,August-September,0.71
Jute,Autumn,Clay,Dhaka,July-August,1.5
Jute,Autumn,Silt,Rangpur,July-August,1.5
Tea,Summer,Sandy,Mymensingh,March-April,0.71
Wheat,Autumn,Sandy,Rajshahi,November-December,1.2
Vegetables,Winter,Clay,Khulna,October-November,4.12
Wheat,Summer,Loamy,Chattogram,November-December,1.2
Spices,Monsoon,Peaty,Mymensingh,April-May,0.8
Tea,Summer,Peaty,Rangpur,March-April,0.71
Maize,Monsoon,Silt,Rangpur,May-June,1.5
Vegetables,Winter,Sandy,Khulna,October-November,4.12
Vegetables,Summer,Sandy,Sylhet,March-April,4.12
Jute,Autumn,Silt,Barishal,July-August,1.5
Rice,Winter,Silt,Rangpur,November-December,0.86
Maize,Summer,Loamy,Sylhet,March-April,1.5
Wheat,Autumn,Loamy,Dhaka,November-December,1.2
Maize,Monsoon,Sandy,Rajshahi,May-June,1.5
Tea,Summer,Sandy,Sylhet,March-April,0.71
Vegetables,Monsoon,Silt,Barishal,May-June,4.12
Spices,Monsoon,Silt,Rajshahi,April-May,0.8
Spices,Winter,Clay,Sylhet,October-November,0.8
Jute,Autumn,Peaty,Barishal,July-August,1.5
Vegetables,Monsoon,Peaty,Mymensingh,May-June,4.12
Vegetables,Monsoon,Clay,Chattogram,May-June,4.12
Rice,Summer,Sandy,Rangpur,June-July,0.86
Maize,Monsoon,Loamy,Rajshahi,May-June,1.5
Tea,Summer,Silt,Chattogram,March-April,0.71
Maize,Autumn,Silt,Dhaka,August-September,1.5
Spices,Winter,Clay,Barishal,October-November,0.8
Spices,Monsoon,Loamy,Mymensingh,April-May,0.8
Rice,Autumn,Sandy,Sylhet,October-November,0.86
Rice,Summer,Clay,Khulna,June-July,0.86
Rice,Summer,Loamy,Dhaka,June-July,0.86
Rice,Autumn,Sandy,Sylhet,October-November,0.86
Maize,Autumn,Silt,Barishal,August-September,1.5
Vegetables,Monsoon,Silt,Barishal,May-June,4.12
Maize,Winter,Sandy,Rajshahi,November-December,1.5
Rice,Autumn,Peaty,Sylhet,October-November,0.86
Maize,Autumn,Loamy,Rajshahi,August-September,1.5
Jute,Winter,Loamy,Rajshahi,November-December,1.5
Spices,Autumn,Silt,Rajshahi,September-October,0.8
Tea,Summer,Sandy,Rajshahi,March-April,0.71
Rice,Autumn,Residential,Dhaka,October-November,0.86
Vegetables,Autumn,Clay,Barishal,August-September,4.12
Maize,Winter,Silt,Dhaka,November-December,1.5
Tea,Autumn,Clay,Sylhet,August-September,0.71
Maize,Monsoon,Silt,Sylhet,May-June,1.5
Rice,Summer,Clay,Mymensingh,June-July,0.86
Wheat,Summer,Clay,Khulna,November-December,1.2
Rice,Summer,Loamy,Dhaka,June-July,0.86
Rice,Autumn,Clay,Sylhet,October-November,0.86
Maize,Autumn,Silt,Barishal,August-September,1.5
Vegetables,Monsoon,Silt,Barishal,May-June,4.12
Maize,Winter,Sandy,Rajshahi,November-December,1.5
Rice,Autumn,Sandy,Rangpur,October-November,0.86
Maize,Summer,Loamy,Rajshahi,March-April,1.5
Tea,Summer,Silt,Chattogram,March-April,0.71
Maize,Autumn,Silt,Dhaka,August-September,1.5
Spices,Winter,Clay,Barishal,October-November,0.8
Spices,Monsoon,Loamy,Mymensingh,April-May,0.8
Rice,Autumn,Sandy,Sylhet,October-November,0.86
Rice,Summer,Clay,Khulna,June-July,0.86
Rice,Summer,Loamy,Dhaka,June-July,0.86
Rice,Autumn,Sandy,Sylhet,October-November,0.86
Maize,Autumn,Silt,Barishal,August-September,1.5
Vegetables,Monsoon,Silt,Barishal,May-June,4.12
Maize,Winter,Sandy,Rajshahi,November-December,1.5
Rice,Autumn,Peaty,Sylhet,October-November,0.86
Maize,Autumn,Loamy,Rajshahi,August-September,1.5
Jute,Winter,Loamy,Rajshahi,November-December,1.5
Spices,Autumn,Silt,Rajshahi,September-October,0.8
Tea,Summer,Sandy,Rajshahi,March-April,0.71
Rice,Autumn,Sandy,Dhaka,October-November,0.86
Vegetables,Autumn,Clay,Barishal,August-September,4.12
Maize,Winter,Silt,Dhaka,November-December,1.5
Tea,Autumn,Clay,Sylhet,August-September,0.71
Maize,Monsoon,Silt,Sylhet,May-June,1.5
Rice,Summer,Clay,Mymensingh,June-July,0.86
Maize,Monsoon,Sandy,Khulna,May-June,1.5
Spices,Summer,Silt,Khulna,April-May,0.8
Maize,Summer,Loamy,Rajshahi,March-April,1.5
Maize,Summer,Clay,Mymensingh,March-April,1.5
Rice,Summer,Peaty,Barishal,June-July,0.86
Vegetables,Monsoon,Peaty,Barishal,May-June,4.12
Wheat,Monsoon,Sandy,Rangpur,November-December,1.2
Tea,Autumn,Loamy,Chattogram,August-September,0.71
Jute,Autumn,Silt,Sylhet,July-August,1.5
Jute,Monsoon,Silt,Khulna,March-April,1.5
Vegetables,Winter,Peaty,Khulna,October-November,4.12
Maize,Monsoon,Loamy,Dhaka,May-June,1.5
Maize,Summer,Clay,Mymensingh,March-April,1.5
Maize,Winter,Sandy,Barishal,November-December,1.5
Jute,Winter,Sandy,Rajshahi,November-December,1.5
Tea,Summer,Loamy,Sylhet,March-April,0.71
Maize,Winter,Silt,Khulna,November-December,1.5
Jute,Summer,Sandy,Mymensingh,March-April,1.5
Spices,Monsoon,Clay,Chattogram,April-May,0.8
Jute,Summer,Sandy,Sylhet,March-April,1.5
Spices,Autumn,Loamy,Rajshahi,September-October,0.8
Jute,Monsoon,Silt,Sylhet,March-April,1.5
Rice,Summer,Clay,Dhaka,June-July,0.86
Vegetables,Summer,Sandy,Chattogram,March-April,4.12
Vegetables,Autumn,Peaty,Khulna,August-September,4.12
Spices,Monsoon,Clay,Sylhet,April-May,0.8
Jute,Monsoon,Clay,Sylhet,March-April,1.5
Spices,Monsoon,Clay,Barishal,April-May,0.8
Rice,Winter,Peaty,Chattogram,November-December,0.86
Rice,Summer,Clay,Mymensingh,June-July,0.86
Rice,Autumn,Loamy,Rangpur,October-November,0.86
Rice,Autumn,Clay,Sylhet,October-November,0.86
Jute,Autumn,Peaty,Barishal,July-August,1.5
Vegetables,Autumn,Silt,Dhaka,August-September,4.12
Spices,Winter,Sandy,Barishal,October-November,0.8
Spices,Monsoon,Silt,Chattogram,April-May,0.8
Spices,Winter,Peaty,Dhaka,October-November,0.8
Jute,Autumn,Loamy,Barishal,July-August,1.5
Tea,Winter,Sandy,Chattogram,November-December,0.71
Rice,Winter,Sandy,Dhaka,November-December,0.86
Tea,Summer,Clay,Rangpur,March-April,0.71
Tea,Autumn,Loamy,Sylhet,August-September,0.71
Maize,Winter,Peaty,Dhaka,November-December,1.5
Jute,Monsoon,Silt,Dhaka,March-April,1.5
Wheat,Summer,Peaty,Khulna,November-December,1.2
Tea,Summer,Peaty,Dhaka,March-April,0.71
Maize,Monsoon,Clay,Mymensingh,May-June,1.5
Maize,Autumn,Clay,Rangpur,August-September,1.5
Tea,Winter,Sandy,Rangpur,November-December,0.71
Vegetables,Autumn,Loamy,Khulna,August-September,4.12
Maize,Winter,Loamy,Mymensingh,November-December,1.5
Wheat,Autumn,Peaty,Rajshahi,November-December,1.2
Wheat,Autumn,Peaty,Rajshahi,November-December,1.2
Tea,Monsoon,Sandy,Sylhet,March-April,0.71
Wheat,Winter,Peaty,Rangpur,November-December,1.2
Tea,Summer,Peaty,Barishal,March-April,0.71
Tea,Winter,Silt,Chattogram,November-December,0.71
Wheat,Autumn,Peaty,Chattogram,November-December,1.2
Spices,Monsoon,Sandy,Barishal,April-May,0.8
Spices,Autumn,Sandy,Rajshahi,September-October,0.8
Spices,Summer,Silt,Chattogram,April-May,0.8
Spices,Summer,Peaty,Khulna,April-May,0.8
Rice,Autumn,Sandy,Dhaka,October-November,0.86
Wheat,Summer,Silt,Mymensingh,November-December,1.2
Vegetables,Monsoon,Silt,Sylhet,May-June,4.12
Rice,Autumn,Sandy,Sylhet,October-November,0.86
Tea,Summer,Peaty,Dhaka,March-April,0.71
Wheat,Monsoon,Clay,Mymensingh,November-December,1.2
Vegetables,Summer,Loamy,Dhaka,March-April,4.12
Maize,Monsoon,Loamy,Sylhet,May-June,1.5
Maize,Summer,Silt,Dhaka,March-April,1.5
Maize,Monsoon,Silt,Rajshahi,May-June,1.5
Spices,Summer,Silt,Rajshahi,April-May,0.8
Rice,Winter,Clay,Rajshahi,November-December,0.86
Vegetables,Monsoon,Peaty,Rangpur,May-June,4.12
Spices,Winter,Peaty,Rangpur,October-November,0.8
Wheat,Summer,Sandy,Rangpur,November-December,1.2
Jute,Autumn,Sandy,Khulna,July-August,1.5
Rice,Winter,Sandy,Dhaka,November-December,0.86
Maize,Summer,Sandy,Sylhet,March-April,1.5
Vegetables,Monsoon,Clay,Chattogram,May-June,4.12
Vegetables,Winter,Silt,Mymensingh,October-November,4.12
Maize,Winter,Clay,Chattogram,November-December,1.5
Jute,Summer,Silt,Khulna,March-April,1.5
Tea,Winter,Sandy,Dhaka,November-December,0.71
Jute,Monsoon,Peaty,Rangpur,March-April,1.5
Vegetables,Summer,Silt,Barishal,March-April,4.12
Vegetables,Autumn,Loamy,Sylhet,August-September,4.12
Rice,Winter,Loamy,Barishal,November-December,0.86
Tea,Summer,Clay,Barishal,March-April,0.71
Wheat,Winter,Loamy,Sylhet,November-December,1.2
Vegetables,Monsoon,Sandy,Sylhet,May-June,4.12
Spices,Summer,Silt,Barishal,March–April,1.2
Jute,Winter,Peaty,Sylhet,October–November,2.1
Vegetables,Autumn,Loamy,Chattogram,September–October,6.5
Wheat,Autumn,Peaty,Dhaka,November–December,1.6
Wheat,Winter,Clay,Sylhet,November–December,1.5
Rice,Monsoon,Silt,Mymensingh,June–July,4.2
Vegetables,Monsoon,Clay,Rangpur,July–August,7.0
Maize,Winter,Peaty,Sylhet,November–December,3.2
Tea,Summer,Sandy,Rangpur,April–May,0.9
Spices,Summer,Sandy,Dhaka,March–April,1.3
Tea,Autumn,Clay,Chattogram,September–October,0.8
Rice,Autumn,Sandy,Rangpur,October–November,3.8
Vegetables,Summer,Sandy,Sylhet,March–April,6.8
Maize,Autumn,Loamy,Rajshahi,September–October,3.5
Wheat,Autumn,Peaty,Rajshahi,November–December,1.7
Rice,Summer,Peaty,Dhaka,April–May,3.9
Jute,Summer,Peaty,Rajshahi,March–April,2.3
Rice,Autumn,Loamy,Khulna,October–November,4.0
Tea,Monsoon,Peaty,Sylhet,June–July,1.0
Vegetables,Monsoon,Sandy,Dhaka,July–August,7.2
Wheat,Winter,Sandy,Dhaka,November–December,1.5
Rice,Winter,Peaty,Sylhet,November–December,3.6
Spices,Summer,Peaty,Rangpur,March–April,1.1
Spices,Winter,Peaty,Khulna,November–December,1.0
Jute,Winter,Sandy,Rangpur,October–November,2.0
Vegetables,Monsoon,Loamy,Dhaka,July–August,7.5
Jute,Autumn,Clay,Chattogram,September–October,2.2
Jute,Summer,Silt,Dhaka,March–April,2.4
Wheat,Winter,Silt,Barishal,November–December,1.4
Wheat,Summer,Loamy,Mymensingh,February–March,1.3
Rice,Monsoon,Sandy,Sylhet,June–July,4.1
Tea,Winter,Sandy,Barishal,November–December,0.7
Wheat,Monsoon,Peaty,Mymensingh,June–July,1.2
Tea,Summer,Clay,Barishal,April–May,0.9
Maize,Autumn,Clay,Chattogram,September–October,3.4
Wheat,Autumn,Loamy,Rangpur,November–December,1.8
Jute,Summer,Sandy,Mymensingh,March–April,2.3
Maize,Winter,Peaty,Khulna,November–December,3.0
Wheat,Winter,Peaty,Rajshahi,November–December,1.7
Tea,Autumn,Loamy,Rajshahi,September–October,0.9
Wheat,Monsoon,Silt,Mymensingh,June–July,1.1
Spices,Winter,Sandy,Rangpur,November–December,1.1
Tea,Monsoon,Loamy,Dhaka,June–July,0.8
Vegetables,Winter,Sandy,Chattogram,November–December,6.0
Maize,Summer,Clay,Rangpur,February–March,3.3
Maize,Winter,Silt,Sylhet,November–December,3.1
Wheat,Winter,Silt,Mymensingh,November–December,1.5
Rice,Autumn,Loamy,Rangpur,October–November,4.0
Wheat,Winter,Clay,Rangpur,November–December,1.6
Wheat,Monsoon,Clay,Sylhet,June–July,1.2
Wheat,Summer,Loamy,Rajshahi,February–March,1.4
Vegetables,Monsoon,Sandy,Sylhet,July–August,6.7
Spices,Summer,Peaty,Rajshahi,March–April,1.2
Rice,Winter,Clay,Mymensingh,November–December,3.7
Spices,Winter,Peaty,Rangpur,November–December,1.0
Rice,Summer,Sandy,Khulna,April–May,3.8
Tea,Winter,Peaty,Sylhet,November–December,0.9
Jute,Winter,Sandy,Khulna,October–November,2.0
Rice,Winter,Sandy,Rangpur,November–December,3.9
Vegetables,Monsoon,Silt,Rangpur,July–August,7.1
Maize,Monsoon,Peaty,Chattogram,June–July,3.0
Rice,Autumn,Loamy,Sylhet,October–November,3.9
Tea,Winter,Sandy,Dhaka,November–December,0.8
Jute,Winter,Clay,Chattogram,October–November,2.1
Wheat,Autumn,Clay,Rangpur,November–December,1.7
Wheat,Autumn,Loamy,Mymensingh,November–December,1.6
Tea,Summer,Clay,Dhaka,April–May,0.9
Tea,Winter,Silt,Barishal,November–December,0.7
Vegetables,Autumn,Sandy,Dhaka,September–October,6.4
Tea,Summer,Clay,Dhaka,April–May,0.9
Tea,Autumn,Loamy,Dhaka,September–October,0.8
Jute,Autumn,Sandy,Rangpur,September–October,2.2
Jute,Winter,Silt,Mymensingh,October–November,2.1
Rice,Winter,Loamy,Rangpur,November–December,4.1
Wheat,Autumn,Peaty,Sylhet,November–December,1.5
Maize,Summer,Peaty,Mymensingh,February–March,3.4
Jute,Summer,Clay,Mymensingh,March–April,2.3
Spices,Winter,Clay,Mymensingh,November–December,1.1
Rice,Summer,Clay,Barishal,April–May,4.0
Jute,Winter,Silt,Sylhet,October–November,2.2
Jute,Monsoon,Loamy,Rajshahi,June–July,2.4
Spices,Summer,Silt,Barishal,March–April,1.3
Spices,Summer,Clay,Rangpur,March–April,1.1
Jute,Winter,Sandy,Mymensingh,October–November,2.0
Tea,Autumn,Silt,Mymensingh,September–October,0.8
Rice,Winter,Silt,Barishal,November–December,3.9
Rice,Winter,Loamy,Mymensingh,November–December,4.2
Spices,Monsoon,Clay,Dhaka,July–August,1.2
Wheat,Winter,Peaty,Khulna,November–December,1.4
Maize,Autumn,Sandy,Barishal,September–October,3.3
Rice,Monsoon,Silt,Sylhet,June–July,4.0
Tea,Winter,Peaty,Rajshahi,November–December,0.9
Rice,Summer,Loamy,Rajshahi,April–May,4.1
Vegetables,Summer,Clay,Khulna,February–March,6.2
Wheat,Summer,Loamy,Chattogram,February–March,1.3
Tea,Autumn,Peaty,Mymensingh,September–October,0.8
Jute,Autumn,Clay,Dhaka,September–October,2.3
Jute,Autumn,Silt,Rangpur,September–October,2.2
Tea,Summer,Clay,Sylhet,April–May,0.9
Vegetables,Winter,Peaty,Rajshahi,November–December,5.8
Tea,Summer,Peaty,Mymensingh,April–May,0.9
Tea,Monsoon,Sandy,Mymensingh,June–July,0.8
Wheat,Summer,Clay,Rajshahi,February–March,1.5
Wheat,Autumn,Sandy,Sylhet,November–December,1.4
Spices,Winter,Sandy,Chattogram,November–December,1.2
Vegetables,Summer,Loamy,Rajshahi,March–April,6.6
Spices,Winter,Peaty,Dhaka,November–December,1.0
Rice,Winter,Loamy,Sylhet,November–December,3.7
Tea,Autumn,Loamy,Dhaka,September–October,0.8
Maize,Winter,Silt,Dhaka,November–December,3.1
Wheat,Autumn,Silt,Khulna,November–December,1.5
Maize,Autumn,Sandy,Barishal,September–October,3.2
Vegetables,Summer,Peaty,Mymensingh,March–April,6.3
Jute,Winter,Sandy,Dhaka,October–November,2.1
Spices,Winter,Sandy,Dhaka,November–December,1.1
Wheat,Autumn,Silt,Dhaka,November–December,1.6
Tea,Summer,Clay,Rajshahi,April–May,0.9
Vegetables,Winter,Clay,Khulna,November–December,5.9
Jute,Winter,Sandy,Sylhet,October–November,2.0
Spices,Autumn,Clay,Mymensingh,September–October,1.2
Tea,Summer,Peaty,Rangpur,April–May,0.9
Maize,Monsoon,Silt,Rangpur,June–July,3.3
Vegetables,Winter,Sandy,Khulna,November–December,6.1
Vegetables,Summer,Sandy,Sylhet,March–April,6.7
Jute,Autumn,Silt,Barishal,September–October,2.3
Rice,Winter,Silt,Rangpur,November–December,4.0
Maize,Summer,Loamy,Sylhet,February–March,3.4
Wheat,Autumn,Loamy,Dhaka,November–December,1.7
Maize,Monsoon,Sandy,Rajshahi,June–July,3.5
Tea,Summer,Sandy,Sylhet,April–May,0.9
Vegetables,Monsoon,Silt,Barishal,July–August,7.0
Spices,Monsoon,Silt,Rajshahi,July–August,1.3
Spices,Winter,Clay,Sylhet,November–December,1.1
Jute,Autumn,Peaty,Barishal,September–October,2.1
Vegetables,Monsoon,Peaty,Mymensingh,July–August,6.8
Vegetables,Monsoon,Clay,Chattogram,July–August,7.2
Rice,Summer,Sandy,Rangpur,April–May,3.7
Maize,Monsoon,Loamy,Rajshahi,June–July,3.6
Tea,Summer,Silt,Chattogram,April–May,0.8
Vegetables,Summer,Peaty,Mymensingh,March–April,6.4
Spices,Monsoon,Loamy,Chattogram,July–August,1.4
Tea,Winter,Loamy,Barishal,November–December,0.7
Spices,Monsoon,Loamy,Mymensingh,July–August,1.3
Vegetables,Monsoon,Sandy,Rajshahi,July–August,7.1
Wheat,Winter,Sandy,Rangpur,November–December,1.6
Spices,Summer,Silt,Rangpur,March–April,1.2
Jute,Autumn,Clay,Dhaka,September–October,2.3
Vegetables,Winter,Loamy,Khulna,November–December,6.0
Maize,Monsoon,Peaty,Dhaka,June–July,3.2
Jute,Winter,Peaty,Chattogram,October–November,2.0
Jute,Summer,Clay,Dhaka,March–April,2.4
Maize,Monsoon,Peaty,Sylhet,June–July,3.1
Vegetables,Monsoon,Loamy,Rajshahi,July–August,7.3
Maize,Winter,Loamy,Sylhet,November–December,3.2
Vegetables,Autumn,Peaty,Khulna,September–October,6.2
Rice,Summer,Peaty,Sylhet,April–May,3.8
Jute,Monsoon,Loamy,Chattogram,June–July,2.5
Maize,Summer,Loamy,Mymensingh,February–March,3.5
Wheat,Autumn,Loamy,Rangpur,November–December,1.8
Maize,Autumn,Peaty,Rajshahi,September–October,3.4
Wheat,Summer,Clay,Chattogram,February–March,1.4
Vegetables,Summer,Sandy,Chattogram,March–April,6.9
Jute,Summer,Peaty,Dhaka,March–April,2.2
Jute,Monsoon,Sandy,Rangpur,June–July,2.4
Vegetables,Winter,Loamy,Rangpur,November–December,6.3
Maize,Monsoon,Sandy,Khulna,June–July,3.3
Rice,Winter,Loamy,Rajshahi,November–December,4.0
Jute,Summer,Silt,Rajshahi,March–April,2.4
Maize,Winter,Loamy,Dhaka,November–December,3.3
Rice,Winter,Sandy,Khulna,November–December,3.8
Jute,Summer,Loamy,Mymensingh,March–April,2.3
Maize,Summer,Silt,Sylhet,February–March,3.4
Vegetables,Winter,Clay,Rangpur,November–December,6.1
Maize,Monsoon,Sandy,Rangpur,June–July,3.5
Rice,Monsoon,Silt,Rajshahi,June–July,4.3
Maize,Monsoon,Peaty,Khulna,June–July,3.1
Maize,Autumn,Loamy,Barishal,September–October,3.3
Wheat,Winter,Loamy,Rajshahi,November–December,1.7
Tea,Summer,Clay,Sylhet,April–May,0.9
Tea,Autumn,Silt,Rangpur,September–October,0.8
Maize,Summer,Clay,Sylhet,February–March,3.3
Jute,Summer,Loamy,Dhaka,March–April,2.4
Tea,Winter,Peaty,Rajshahi,November–December,0.9
Jute,Monsoon,Sandy,Barishal,June–July,2.3
Maize,Winter,Loamy,Mymensingh,November–December,3.4
Jute,Summer,Clay,Rangpur,March–April,2.2
Rice,Summer,Sandy,Rangpur,April–May,3.7
Rice,Monsoon,Loamy,Khulna,June–July,4.4
Vegetables,Monsoon,Loamy,Mymensingh,July–August,7.4
Jute,Autumn,Loamy,Chattogram,September–October,2.4
Rice,Winter,Clay,Sylhet,November–December,3.6
Wheat,Monsoon,Clay,Chattogram,June–July,1.3
Jute,Monsoon,Clay,Sylhet,June–July,2.3
Spices,Monsoon,Sandy,Chattogram,July–August,1.4
Spices,Summer,Loamy,Barishal,March–April,1.3
Rice,Monsoon,Peaty,Rangpur,June–July,4.0
Maize,Summer,Sandy,Sylhet,February–March,3.5
Maize,Monsoon,Sandy,Mymensingh,June–July,3.6
Maize,Summer,Sandy,Khulna,February–March,3.4
Spices,Monsoon,Silt,Chattogram,July–August,1.3
Wheat,Winter,Clay,Sylhet,November–December,1.5
Spices,Autumn,Silt,Rajshahi,September–October,1.2
Maize,Autumn,Sandy,Dhaka,September–October,3.4
Rice,Autumn,Sandy,Barishal,October–November,3.9
Vegetables,Summer,Clay,Mymensingh,March–April,6.8
Vegetables,Monsoon,Loamy,Rangpur,July–August,7.2
Maize,Winter,Sandy,Chattogram,November–December,3.1
Maize,Autumn,Silt,Sylhet,September–October,3.2
Jute,Summer,Loamy,Rajshahi,March–April,2.4
Tea,Summer,Peaty,Chattogram,April–May,0.8
Vegetables,Summer,Clay,Barishal,March–April,6.5
Maize,Summer,Loamy,Khulna,February–March,3.3
Maize,Monsoon,Loamy,Sylhet,June–July,3.4
Maize,Autumn,Sandy,Mymensingh,September–October,3.5
Tea,Winter,Clay,Mymensingh,November–December,0.7
Tea,Winter,Silt,Rajshahi,November–December,0.8
Wheat,Monsoon,Peaty,Rangpur,June–July,1.2
Spices,Monsoon,Loamy,Rangpur,July–August,1.3
Jute,Autumn,Silt,Dhaka,September–October,2.3
Vegetables,Autumn,Loamy,Rangpur,September–October,6.6
Wheat,Summer,Loamy,Mymensingh,February–March,1.4
Rice,Monsoon,Clay,Rangpur,June–July,4.1
Wheat,Monsoon,Silt,Mymensingh,June–July,1.1
Spices,Monsoon,Peaty,Dhaka,July–August,1.1
Maize,Summer,Sandy,Barishal,February–March,3.4
Maize,Monsoon,Silt,Barishal,June–July,3.3
Jute,Summer,Loamy,Mymensingh,March–April,2.4
Maize,Summer,Peaty,Barishal,February–March,3.3
Rice,Monsoon,Sandy,Dhaka,June–July,4.2
Wheat,Winter,Loamy,Dhaka,November–December,1.7
Vegetables,Autumn,Sandy,Barishal,September–October,6.3
Rice,Summer,Peaty,Mymensingh,April–May,4.0
Jute,Monsoon,Loamy,Sylhet,June–July,2.4
Rice,Autumn,Sandy,Rajshahi,October–November,4.0
Maize,Autumn,Silt,Rajshahi,September–October,3.5
Rice,Monsoon,Sandy,Sylhet,June–July,3.9
Spices,Winter,Peaty,Rangpur,November–December,1.0
Jute,Summer,Clay,Barishal,March–April,2.2
Maize,Summer,Clay,Khulna,February–March,3.2
Jute,Monsoon,Silt,Rangpur,June–July,2.4
Vegetables,Autumn,Clay,Rajshahi,September–October,6.4
Maize,Monsoon,Loamy,Barishal,June–July,3.5
Vegetables,Monsoon,Peaty,Rajshahi,July–August,6.9
Rice,Autumn,Silt,Rajshahi,October–November,4.2
Vegetables,Autumn,Peaty,Chattogram,September–October,6.1
Spices,Monsoon,Peaty,Khulna,July–August,1.1
Jute,Monsoon,Silt,Rangpur,June–July,2.3
Wheat,Autumn,Silt,Mymensingh,November–December,1.5
Rice,Summer,Peaty,Mymensingh,April–May,4.1
Rice,Summer,Silt,Khulna,April–May,3.9
Spices,Monsoon,Silt,Dhaka,July–August,1.3
Jute,Winter,Silt,Rajshahi,October–November,2.1
Maize,Summer,Loamy,Dhaka,February–March,3.5
Tea,Summer,Loamy,Rangpur,April–May,0.9
Wheat,Autumn,Silt,Sylhet,November–December,1.4
Tea,Summer,Loamy,Khulna,April–May,0.8
Maize,Monsoon,Sandy,Khulna,June–July,3.4
Vegetables,Monsoon,Clay,Khulna,July–August,7.0
Wheat,Monsoon,Sandy,Mymensingh,June–July,1.2
Tea,Summer,Sandy,Dhaka,April–May,0.9
Tea,Summer,Peaty,Rangpur,April–May,0.9
Rice,Monsoon,Silt,Mymensingh,June–July,4.3
Maize,Autumn,Loamy,Rajshahi,September–October,3.6
Rice,Winter,Peaty,Rangpur,November–December,3.7
Wheat,Monsoon,Loamy,Barishal,June–July,1.1
Wheat,Winter,Peaty,Mymensingh,November–December,1.5
Maize,Summer,Loamy,Barishal,February–March,3.4
Wheat,Winter,Clay,Rangpur,November–December,1.6
Jute,Winter,Peaty,Chattogram,October–November,2.0
Vegetables,Winter,Clay,Rangpur,November–December,6.0
Wheat,Monsoon,Loamy,Sylhet,June–July,1.2
Rice,Winter,Loamy,Chattogram,November–December,3.8
Tea,Summer,Silt,Sylhet,April–May,0.8
Vegetables,Autumn,Silt,Mymensingh,September–October,6.5
Tea,Summer,Clay,Mymensingh,April–May,0.9
Rice,Winter,Sandy,Rangpur,November–December,3.9
Tea,Monsoon,Clay,Barishal,June–July,0.7
Rice,Summer,Silt,Sylhet,April–May,3.8
Vegetables,Autumn,Loamy,Khulna,September–October,6.3
Maize,Winter,Sandy,Mymensingh,November–December,3.2
Tea,Monsoon,Loamy,Rajshahi,June–July,0.8
Vegetables,Summer,Peaty,Sylhet,March–April,6.2
Rice,Winter,Clay,Barishal,November–December,4.0
Maize,Summer,Clay,Sylhet,February–March,3.3
Tea,Monsoon,Sandy,Chattogram,June–July,0.7
Wheat,Summer,Clay,Khulna,February–March,1.4
Rice,Winter,Sandy,Chattogram,November–December,3.7
Maize,Winter,Clay,Rangpur,November–December,3.1
Tea,Winter,Loamy,Sylhet,November–December,0.8
Jute,Winter,Silt,Chattogram,October–November,2.1
Vegetables,Summer,Sandy,Mymensingh,March–April,6.8
Spices,Summer,Silt,Chattogram,March–April,1.3
Wheat,Monsoon,Clay,Rajshahi,June–July,1.3
Spices,Monsoon,Loamy,Rangpur,July–August,1.3
Wheat,Monsoon,Clay,Dhaka,June–July,1.2
Vegetables,Summer,Peaty,Mymensingh,March–April,6.3
Tea,Summer,Sandy,Barishal,April–May,0.8
Jute,Winter,Sandy,Sylhet,October–November,2.0
Maize,Summer,Loamy,Chattogram,February–March,3.5
Maize,Autumn,Sandy,Barishal,September–October,3.3
Vegetables,Monsoon,Sandy,Khulna,July–August,7.1
Vegetables,Winter,Loamy,Rajshahi,November–December,6.2
Maize,Winter,Sandy,Rajshahi,November–December,3.3
Vegetables,Summer,Loamy,Rangpur,March–April,6.9
Vegetables,Winter,Clay,Mymensingh,November–December,6.0
Wheat,Monsoon,Silt,Mymensingh,June–July,1.1
Jute,Winter,Peaty,Khulna,October–November,2.0
Jute,Autumn,Loamy,Sylhet,September–October,2.2
Rice,Autumn,Peaty,Khulna,October–November,3.8
Maize,Summer,Peaty,Chattogram,February–March,3.2
Maize,Monsoon,Peaty,Khulna,June–July,3.0
Jute,Monsoon,Loamy,Sylhet,June–July,2.4
Maize,Summer,Loamy,Chattogram,February–March,3.5
Maize,Autumn,Peaty,Rangpur,September–October,3.3
Jute,Summer,Silt,Barishal,March–April,2.4
Spices,Summer,Peaty,Khulna,March–April,1.1
Rice,Autumn,Peaty,Chattogram,October–November,3.7
Maize,Summer,Peaty,Rajshahi,February–March,3.4
Maize,Summer,Silt,Khulna,February–March,3.3
Rice,Summer,Peaty,Rangpur,April–May,3.7
Vegetables,Summer,Sandy,Chattogram,March–April,6.9
Rice,Autumn,Peaty,Sylhet,October–November,3.6
Spices,Autumn,Loamy,Sylhet,September–October,1.2
Tea,Monsoon,Sandy,Dhaka,June–July,0.8
Maize,Summer,Silt,Sylhet,February–March,3.4
Maize,Autumn,Loamy,Dhaka,September–October,3.5
Tea,Autumn,Sandy,Khulna,September–October,0.7
Wheat,Summer,Loamy,Dhaka,February–March,1.5
Tea,Summer,Sandy,Rangpur,April–May,0.9
Maize,Autumn,Peaty,Mymensingh,September–October,3.3
Tea,Summer,Silt,Chattogram,April–May,0.8
Vegetables,Autumn,Clay,Rajshahi,September–October,6.4
Vegetables,Autumn,Peaty,Dhaka,September–October,6.1
Rice,Monsoon,Silt,Rangpur,June–July,4.2
Tea,Winter,Silt,Barishal,November–December,0.7
Jute,Summer,Clay,Chattogram,March–April,2.3
Spices,Monsoon,Loamy,Barishal,July–August,1.4
Jute,Monsoon,Sandy,Rangpur,June–July,2.4
Jute,Winter,Silt,Sylhet,October–November,2.2
Tea,Winter,Silt,Sylhet,November–December,0.8
Jute,Winter,Silt,Barishal,October–November,2.1
Maize,Monsoon,Clay,Chattogram,June–July,3.4
Vegetables,Summer,Clay,Rajshahi,March–April,6.7
Rice,Monsoon,Clay,Barishal,June–July,4.1
Maize,Autumn,Loamy,Barishal,September–October,3.4
Tea,Monsoon,Loamy,Dhaka,June–July,0.8
Rice,Winter,Clay,Barishal,November–December,4.0
Spices,Winter,Peaty,Chattogram,November–December,1.1
Rice,Monsoon,Clay,Mymensingh,June–July,4.3
Rice,Winter,Clay,Rajshahi,November–December,4.1
Jute,Summer,Sandy,Dhaka,March–April,2.3
Vegetables,Summer,Sandy,Mymensingh,March–April,6.8
Spices,Winter,Loamy,Dhaka,November–December,1.2
Maize,Winter,Sandy,Rangpur,November–December,3.2
Spices,Winter,Loamy,Rajshahi,November–December,1.2
Rice,Winter,Peaty,Rajshahi,November–December,3.8
Spices,Monsoon,Silt,Khulna,July–August,1.2
Spices,Monsoon,Peaty,Dhaka,July–August,1.1
Vegetables,Monsoon,Silt,Rajshahi,July–August,7.0
Spices,Summer,Peaty,Rajshahi,March–April,1.2
Tea,Winter,Clay,Mymensingh,November–December,0.7
Maize,Monsoon,Clay,Rajshahi,June–July,3.5
Vegetables,Autumn,Sandy,Sylhet,September–October,6.5
Tea,Monsoon,Silt,Chattogram,June–July,0.7
Tea,Summer,Silt,Barishal,April–May,0.8
Tea,Autumn,Sandy,Rajshahi,September–October,0.8
Wheat,Monsoon,Clay,Barishal,June–July,1.1
Tea,Autumn,Loamy,Rangpur,September–October,0.9
Maize,Monsoon,Sandy,Chattogram,June–July,3.5
Spices,Autumn,Sandy,Sylhet,September–October,1.2
Spices,Summer,Silt,Rangpur,March–April,1.2
Tea,Autumn,Peaty,Rangpur,September–October,0.8
Wheat,Summer,Clay,Chattogram,February–March,1.4
Tea,Autumn,Silt,Sylhet,September–October,0.8
Vegetables,Monsoon,Silt,Chattogram,July–August,7.2
Vegetables,Winter,Peaty,Mymensingh,November–December,5.9
Vegetables,Autumn,Loamy,Mymensingh,September–October,6.6
Maize,Monsoon,Loamy,Rangpur,June–July,3.6
Tea,Summer,Peaty,Rajshahi,April–May,0.9
Rice,Summer,Clay,Barishal,April–May,4.0
Maize,Winter,Sandy,Barishal,November–December,3.1
Vegetables,Autumn,Silt,Rangpur,September–October,6.7
Vegetables,Autumn,Loamy,Sylhet,September–October,6.8
Vegetables,Autumn,Loamy,Sylhet,September–October,6.8
Maize,Autumn,Loamy,Dhaka,September–October,3.5
Rice,Autumn,Silt,Rangpur,October–November,4.1
Vegetables,Winter,Peaty,Mymensingh,November–December,5.9
Maize,Winter,Peaty,Barishal,November–December,3.0
Rice,Monsoon,Loamy,Rajshahi,June–July,4.4
Spices,Monsoon,Clay,Chattogram,July–August,1.4
Spices,Summer,Silt,Sylhet,March–April,1.3
Jute,Monsoon,Peaty,Khulna,June–July,2.3
Vegetables,Winter,Clay,Mymensingh,November–December,6.0
Jute,Monsoon,Clay,Mymensingh,June–July,2.4
Wheat,Summer,Clay,Sylhet,February–March,1.4
Wheat,Autumn,Sandy,Dhaka,November–December,1.5
Spices,Winter,Loamy,Chattogram,November–December,1.3
Tea,Winter,Sandy,Rangpur,November–December,0.7
Wheat,Summer,Clay,Rajshahi,February–March,1.5
Rice,Winter,Loamy,Dhaka,November–December,4.1
Wheat,Summer,Sandy,Dhaka,February–March,1.4
Jute,Monsoon,Peaty,Dhaka,June–July,2.2
Tea,Summer,Sandy,Rangpur,April–May,0.9
Vegetables,Monsoon,Sandy,Dhaka,July–August,7.3
Spices,Autumn,Loamy,Barishal,September–October,1.3
Wheat,Summer,Peaty,Rajshahi,February–March,1.4
Spices,Winter,Loamy,Rajshahi,November–December,1.2
Rice,Summer,Loamy,Chattogram,April–May,3.9
Tea,Summer,Loamy,Rajshahi,April–May,0.9
Spices,Autumn,Clay,Rajshahi,September–October,1.3
Rice,Winter,Loamy,Dhaka,November–December,4.2
Tea,Autumn,Loamy,Khulna,September–October,0.8
Rice,Winter,Sandy,Barishal,November–December,3.8
Jute,Winter,Clay,Sylhet,October–November,2.1
Vegetables,Winter,Clay,Sylhet,November–December,5.9
Maize,Autumn,Clay,Sylhet,September–October,3.3
Vegetables,Winter,Sandy,Chattogram,November–December,6.2
Tea,Summer,Peaty,Dhaka,April–May,0.9
Rice,Monsoon,Clay,Mymensingh,June–July,4.3
Vegetables,Autumn,Clay,Barishal,September–October,6.4
Wheat,Monsoon,Silt,Barishal,June–July,1.1
Spices,Winter,Peaty,Chattogram,November–December,1.1
Tea,Summer,Clay,Rajshahi,April–May,0.9
Tea,Winter,Peaty,Rangpur,November–December,0.8
Spices,Monsoon,Peaty,Khulna,July–August,1.1
Jute,Monsoon,Clay,Khulna,June–July,2.3
Spices,Winter,Clay,Sylhet,November–December,1.1
Vegetables,Monsoon,Loamy,Khulna,July–August,7.1
Tea,Summer,Sandy,Rangpur,April–May,0.9
Rice,Summer,Clay,Rangpur,April–May,3.8
Tea,Summer,Silt,Sylhet,April–May,0.8
Rice,Winter,Silt,Khulna,November–December,3.9
Spices,Autumn,Sandy,Sylhet,September–October,1.2
Rice,Autumn,Loamy,Sylhet,October–November,4.0
Spices,Winter,Sandy,Chattogram,November–December,1.2
Maize,Summer,Loamy,Barishal,February–March,3.4
Wheat,Winter,Loamy,Khulna,November–December,1.5
Vegetables,Summer,Silt,Rangpur,March–April,6.9
Wheat,Summer,Loamy,Dhaka,February–March,1.5
Wheat,Autumn,Loamy,Sylhet,November–December,1.6
Rice,Winter,Loamy,Dhaka,November–December,4.2
Jute,Summer,Clay,Sylhet,March–April,2.3
Spices,Monsoon,Loamy,Dhaka,July–August,1.4
Jute,Winter,Loamy,Mymensingh,October–November,2.2
Maize,Monsoon,Clay,Barishal,June–July,3.5
Spices,Winter,Silt,Chattogram,November–December,1.2
Maize,Monsoon,Loamy,Dhaka,June–July,3.6
Vegetables,Autumn,Clay,Mymensingh,September–October,6.5
Jute,Autumn,Sandy,Rajshahi,September–October,2.3
Rice,Winter,Peaty,Mymensingh,November–December,3.8
Tea,Summer,Peaty,Sylhet,April–May,0.9
Vegetables,Summer,Loamy,Mymensingh,March–April,6.7
Wheat,Winter,Clay,Rajshahi,November–December,1.6
Jute,Winter,Clay,Chattogram,October–November,2.1
Vegetables,Winter,Sandy,Khulna,November–December,6.1
Tea,Winter,Clay,Rajshahi,November–December,0.8
Spices,Summer,Sandy,Sylhet,March–April,1.3
Maize,Summer,Loamy,Rajshahi,February–March,3.6
Maize,Winter,Silt,Barishal,November–December,3.1
Rice,Autumn,Silt,Rajshahi,October–November,4.2
Jute,Monsoon,Loamy,Rangpur,June–July,2.5
Jute,Summer,Peaty,Sylhet,March–April,2.2
Vegetables,Monsoon,Sandy,Barishal,July–August,7.0
Spices,Winter,Peaty,Dhaka,November–December,1.0
Maize,Monsoon,Silt,Khulna,June–July,3.4
Rice,Summer,Clay,Rajshahi,April–May,4.1
Tea,Winter,Silt,Barishal,November–December,0.7
Tea,Monsoon,Silt,Dhaka,June–July,0.8
Tea,Summer,Loamy,Sylhet,April–May,0.9
Rice,Monsoon,Clay,Chattogram,June–July,4.2
Wheat,Monsoon,Peaty,Rajshahi,June–July,1.2
Wheat,Summer,Silt,Rangpur,February–March,1.5
Vegetables,Monsoon,Silt,Barishal,July–August,7.1
Spices,Summer,Silt,Dhaka,March–April,1.3
Wheat,Summer,Clay,Barishal,February–March,1.4
Tea,Winter,Sandy,Barishal,November–December,0.7
Vegetables,Monsoon,Sandy,Barishal,July–August,7.0
Rice,Monsoon,Loamy,Rajshahi,June–July,4.4
Rice,Monsoon,Sandy,Khulna,June–July,4.1
Maize,Winter,Peaty,Mymensingh,November–December,3.0
Wheat,Summer,Loamy,Barishal,February–March,1.4
Tea,Autumn,Clay,Mymensingh,September–October,0.8
Jute,Summer,Silt,Barishal,March–April,2.4
Spices,Summer,Peaty,Mymensingh,March–April,1.1
Rice,Monsoon,Sandy,Rajshahi,June–July,4.0
Maize,Autumn,Sandy,Chattogram,September–October,3.4
Vegetables,Autumn,Sandy,Mymensingh,September–October,6.6
Spices,Summer,Loamy,Rangpur,March–April,1.3
Maize,Winter,Peaty,Khulna,November–December,3.0
Maize,Autumn,Loamy,Rangpur,September–October,3.5
Jute,Autumn,Sandy,Chattogram,September–October,2.3
Wheat,Winter,Silt,Rangpur,November–December,1.6
Tea,Summer,Clay,Rajshahi,April–May,0.9
Spices,Winter,Loamy,Rajshahi,November–December,1.2
Rice,Winter,Silt,Barishal,November–December,3.9
Maize,Summer,Clay,Khulna,February–March,3.3
Maize,Monsoon,Clay,Rangpur,June–July,3.4
Jute,Autumn,Peaty,Mymensingh,September–October,2.1
Tea,Monsoon,Loamy,Khulna,June–July,0.8
Vegetables,Autumn,Loamy,Mymensingh,September–October,6.7
Tea,Monsoon,Clay,Chattogram,June–July,0.7
Rice,Winter,Loamy,Mymensingh,November–December,4.2
Vegetables,Winter,Clay,Chattogram,November–December,6.0
Jute,Autumn,Silt,Rajshahi,September–October,2.3
Tea,Autumn,Silt,Sylhet,September–October,0.8
Vegetables,Summer,Silt,Sylhet,March–April,6.7
Wheat,Autumn,Peaty,Sylhet,November–December,1.5
Jute,Autumn,Sandy,Chattogram,September–October,2.2
Tea,Autumn,Silt,Rangpur,September–October,0.8
Wheat,Monsoon,Clay,Dhaka,June–July,1.2
Jute,Winter,Loamy,Sylhet,October–November,2.2
Jute,Winter,Clay,Barishal,October–November,2.1
Vegetables,Summer,Sandy,Mymensingh,March–April,6.8
Wheat,Autumn,Loamy,Mymensingh,November–December,1.7
Tea,Summer,Loamy,Barishal,April–May,0.8
Wheat,Autumn,Silt,Mymensingh,November–December,1.5
Spices,Autumn,Clay,Dhaka,September–October,1.3
Wheat,Summer,Silt,Dhaka,February–March,1.5
Vegetables,Summer,Clay,Khulna,March–April,6.5
Tea,Autumn,Clay,Rangpur,September–October,0.8
Vegetables,Winter,Sandy,Barishal,November–December,6.0
Spices,Winter,Sandy,Rajshahi,November–December,1.2
Spices,Summer,Loamy,Khulna,March–April,1.3
Maize,Autumn,Sandy,Rangpur,September–October,3.4
Vegetables,Winter,Silt,Rangpur,November–December,6.3
Maize,Autumn,Clay,Rajshahi,September–October,3.5
Tea,Summer,Peaty,Chattogram,April–May,0.8
Rice,Summer,Peaty,Dhaka,April–May,3.9
Tea,Winter,Peaty,Rajshahi,November–December,0.9
Rice,Winter,Loamy,Rangpur,November–December,4.1
Vegetables,Winter,Sandy,Rangpur,November–December,6.2
Spices,Autumn,Peaty,Khulna,September–October,1.1
Maize,Autumn,Peaty,Rajshahi,September–October,3.4
Wheat,Monsoon,Loamy,Barishal,June–July,1.1
Spices,Monsoon,Loamy,Sylhet,July–August,1.3
Vegetables,Summer,Peaty,Chattogram,March–April,6.3
Tea,Autumn,Sandy,Sylhet,September–October,0.8
Spices,Autumn,Silt,Rajshahi,September–October,1.2
Maize,Winter,Loamy,Rajshahi,November–December,3.4
Wheat,Summer,Peaty,Chattogram,February–March,1.3
Wheat,Summer,Loamy,Chattogram,February–March,1.4
Vegetables,Winter,Clay,Chattogram,November–December,6.0
Rice,Winter,Silt,Rajshahi,November–December,4.0
Rice,Winter,Peaty,Dhaka,November–December,3.7
Maize,Summer,Peaty,Chattogram,February–March,3.3
Jute,Winter,Peaty,Rajshahi,October–November,2.0
Rice,Winter,Clay,Sylhet,November–December,3.6
Vegetables,Winter,Sandy,Mymensingh,November–December,6.1
Spices,Autumn,Clay,Khulna,September–October,1.2
Spices,Winter,Sandy,Mymensingh,November–December,1.1
Maize,Autumn,Peaty,Rangpur,September–October,3.3
Vegetables,Winter,Clay,Sylhet,November–December,5.9
Jute,Autumn,Loamy,Rangpur,September–October,2.3
Maize,Monsoon,Peaty,Khulna,June–July,3.1
Jute,Autumn,Clay,Barishal,September–October,2.2
Tea,Monsoon,Silt,Khulna,June–July,0.7
Rice,Autumn,Loamy,Sylhet,October–November,4.0
Maize,Summer,Sandy,Khulna,February–March,3.4
Wheat,Summer,Peaty,Dhaka,February–March,1.4
Rice,Winter,Loamy,Rajshahi,November–December,4.2
Rice,Summer,Sandy,Khulna,April–May,3.8
Spices,Summer,Loamy,Barishal,March–April,1.3
Rice,Winter,Clay,Barishal,November–December,4.0
Rice,Monsoon,Silt,Mymensingh,June–July,4.3
Tea,Summer,Loamy,Chattogram,April–May,0.8
Wheat,Winter,Loamy,Barishal,November–December,1.5
Jute,Autumn,Peaty,Barishal,September–October,2.1
Wheat,Monsoon,Clay,Rangpur,June–July,1.2
Jute,Summer,Peaty,Dhaka,March–April,2.2
Wheat,Winter,Peaty,Barishal,November–December,1.4
Tea,Autumn,Sandy,Barishal,September–October,0.7
Maize,Winter,Clay,Dhaka,November–December,3.2
Maize,Winter,Silt,Chattogram,November–December,3.1
Tea,Autumn,Loamy,Sylhet,September–October,0.8
Spices,Autumn,Silt,Rajshahi,September–October,1.2
Tea,Summer,Loamy,Chattogram,April–May,0.8
Spices,Winter,Silt,Khulna,November–December,1.1
Maize,Autumn,Sandy,Mymensingh,September–October,3.5
Jute,Summer,Sandy,Dhaka,March–April,2.3
Spices,Winter,Peaty,Barishal,March–April,1.1
Rice,Monsoon,Loamy,Khulna,June–July,4.4
Maize,Summer,Peaty,Khulna,February–March,3.2
Tea,Monsoon,Clay,Khulna,June–July,0.7
Spices,Summer,Sandy,Sylhet,March–April,1.3
Spices,Winter,Peaty,Chattogram,November–December,1.1
Jute,Autumn,Silt,Rangpur,September–October,2.3
Maize,Winter,Silt,Chattogram,November–December,3.1
Maize,Autumn,Peaty,Sylhet,September–October,3.2
Rice,Autumn,Loamy,Mymensingh,October–November,4.1
Jute,Autumn,Peaty,Mymensingh,September–October,2.1
Jute,Summer,Silt,Barishal,March–April,2.4
Spices,Winter,Sandy,Sylhet,November–December,1.1
Rice,Autumn,Silt,Sylhet,October–November,3.9
Jute,Summer,Peaty,Barishal,March–April,2.2
Vegetables,Autumn,Peaty,Khulna,September–October,6.2
Jute,Summer,Sandy,Khulna,March–April,2.2
Spices,Autumn,Silt,Mymensingh,September–October,1.3
Wheat,Monsoon,Clay,Mymensingh,June–July,1.2